horizon_bars,top_n,cost_bps,n_folds,mean_alpha_net,std_alpha_net,pct_folds_positive,mean_ic,mean_turnover,mean_gross_alpha
1,10,10.0,13,9.812704458100332e-05,0.0011863863266120653,0.5384615384615384,0.016779003585645436,0.666062271062271,0.0007641893156432745
1,10,15.0,13,-0.00023490409095013235,0.001183487281689177,0.38461538461538464,0.016779003585645436,0.666062271062271,0.0007641893156432745
1,10,25.0,13,-0.0009009663620124035,0.0011782248516979798,0.23076923076923078,0.016779003585645436,0.666062271062271,0.0007641893156432745
1,10,35.0,13,-0.0015670286330746745,0.001173684504819936,0.07692307692307693,0.016779003585645436,0.666062271062271,0.0007641893156432745
1,20,10.0,13,-5.1846042009582334e-05,0.0007974996686943139,0.5384615384615384,0.016779003585645436,0.5863553113553114,0.0005345092693457292
1,20,15.0,13,-0.00034502369768723797,0.000793424576241804,0.3076923076923077,0.016779003585645436,0.5863553113553114,0.0005345092693457292
1,20,25.0,13,-0.0009313790090425493,0.0007868311242965627,0.15384615384615385,0.016779003585645436,0.5863553113553114,0.0005345092693457292
1,20,35.0,13,-0.0015177343203978608,0.0007823553287756485,0.0,0.016779003585645436,0.5863553113553114,0.0005345092693457292
1,50,10.0,13,-0.0001265321072551081,0.00045649143348432423,0.5384615384615384,0.016779003585645436,0.3635384615384616,0.00023700635428335352
1,50,15.0,13,-0.0003083013380243389,0.0004506783156057836,0.23076923076923078,0.016779003585645436,0.3635384615384616,0.00023700635428335352
1,50,25.0,13,-0.0006718397995628003,0.0004418314151088692,0.07692307692307693,0.016779003585645436,0.3635384615384616,0.00023700635428335352
1,50,35.0,13,-0.001035378261101262,0.00043686811975265075,0.0,0.016779003585645436,0.3635384615384616,0.00023700635428335352
1,100,10.0,13,-0.0016022994080328304,0.0026944889408236188,0.23076923076923078,0.016779003585645436,0.0,-0.0016022994080328304
1,100,15.0,13,-0.0016022994080328304,0.0026944889408236188,0.23076923076923078,0.016779003585645436,0.0,-0.0016022994080328304
1,100,25.0,13,-0.0016022994080328304,0.0026944889408236188,0.23076923076923078,0.016779003585645436,0.0,-0.0016022994080328304
1,100,35.0,13,-0.0016022994080328304,0.0026944889408236188,0.23076923076923078,0.016779003585645436,0.0,-0.0016022994080328304
3,10,10.0,12,-0.0007700022631843915,0.005356046395017149,0.4166666666666667,0.0028596388524313905,0.5798611111111112,-0.00019014115207328052
3,10,15.0,12,-0.0010599328187399476,0.0053482132326374875,0.4166666666666667,0.0028596388524313905,0.5798611111111112,-0.00019014115207328052
3,10,25.0,12,-0.0016397939298510584,0.0053329198546285565,0.4166666666666667,0.0028596388524313905,0.5798611111111112,-0.00019014115207328052
3,10,35.0,12,-0.0022196550409621695,0.005318127299377206,0.4166666666666667,0.0028596388524313905,0.5798611111111112,-0.00019014115207328052
3,20,10.0,12,-0.00046494052831844027,0.002851938679975071,0.5,0.0028596388524313905,0.501388888888889,3.6448360570448764e-05
3,20,15.0,12,-0.0007156349727628846,0.0028540060358903502,0.4166666666666667,0.0028596388524313905,0.501388888888889,3.6448360570448764e-05
3,20,25.0,12,-0.0012170238616517736,0.0028585995257478115,0.3333333333333333,0.0028596388524313905,0.501388888888889,3.6448360570448764e-05
3,20,35.0,12,-0.0017184127505406627,0.0028638022259041955,0.3333333333333333,0.0028596388524313905,0.501388888888889,3.6448360570448764e-05
3,50,10.0,12,-0.00022374702304219827,0.0018804048077726075,0.6666666666666666,0.0028596388524313905,0.33,0.00010625297695780175
3,50,15.0,12,-0.0003887470230421982,0.0018800653517832093,0.5,0.0028596388524313905,0.33,0.00010625297695780175
3,50,25.0,12,-0.0007187470230421984,0.001879690972815465,0.3333333333333333,0.0028596388524313905,0.33,0.00010625297695780175
3,50,35.0,12,-0.0010487470230421982,0.0018797228126294166,0.3333333333333333,0.0028596388524313905,0.33,0.00010625297695780175
3,100,10.0,12,-0.0012299636184862478,0.0076212080797031095,0.4166666666666667,0.0028596388524313905,0.0,-0.0012299636184862478
3,100,15.0,12,-0.0012299636184862478,0.0076212080797031095,0.4166666666666667,0.0028596388524313905,0.0,-0.0012299636184862478
3,100,25.0,12,-0.0012299636184862478,0.0076212080797031095,0.4166666666666667,0.0028596388524313905,0.0,-0.0012299636184862478
3,100,35.0,12,-0.0012299636184862478,0.0076212080797031095,0.4166666666666667,0.0028596388524313905,0.0,-0.0012299636184862478
5,10,10.0,11,0.0016351426506861133,0.003240410986755878,0.6363636363636364,0.044118809182913665,0.618939393939394,0.0022540820446255074
5,10,15.0,11,0.0013256729537164163,0.0032169498346242965,0.5454545454545454,0.044118809182913665,0.618939393939394,0.0022540820446255074
5,10,25.0,11,0.0007067335597770219,0.0031704236914379194,0.45454545454545453,0.044118809182913665,0.618939393939394,0.0022540820446255074
5,10,35.0,11,8.77941658376279e-05,0.0031244453993028777,0.45454545454545453,0.044118809182913665,0.618939393939394,0.0022540820446255074
5,20,10.0,11,0.0005230089435349279,0.0018742332744365272,0.6363636363636364,0.044118809182913665,0.5549242424242424,0.0010779331859591703
5,20,15.0,11,0.00024554682232280634,0.0018661641863428969,0.6363636363636364,0.044118809182913665,0.5549242424242424,0.0010779331859591703
5,20,25.0,11,-0.00030937742010143644,0.0018506928446359494,0.45454545454545453,0.044118809182913665,0.5549242424242424,0.0010779331859591703
5,20,35.0,11,-0.0008643016625256785,0.0018361292104201975,0.36363636363636365,0.044118809182913665,0.5549242424242424,0.0010779331859591703
5,50,10.0,11,3.8133102830834636e-05,0.0010818602779593043,0.5454545454545454,0.044118809182913665,0.34681818181818186,0.00038495128464901667
5,50,15.0,11,-0.00013527598807825625,0.0010802360424482,0.36363636363636365,0.044118809182913665,0.34681818181818186,0.00038495128464901667
5,50,25.0,11,-0.00048209416989643814,0.0010779838954956419,0.36363636363636365,0.044118809182913665,0.34681818181818186,0.00038495128464901667
5,50,35.0,11,-0.00082891235171462,0.001077066613016859,0.18181818181818182,0.044118809182913665,0.34681818181818186,0.00038495128464901667
5,100,10.0,11,-0.0040372914793614986,0.009513406727637407,0.45454545454545453,0.044118809182913665,0.0,-0.0040372914793614986
5,100,15.0,11,-0.0040372914793614986,0.009513406727637407,0.45454545454545453,0.044118809182913665,0.0,-0.0040372914793614986
5,100,25.0,11,-0.0040372914793614986,0.009513406727637407,0.45454545454545453,0.044118809182913665,0.0,-0.0040372914793614986
5,100,35.0,11,-0.0040372914793614986,0.009513406727637407,0.45454545454545453,0.044118809182913665,0.0,-0.0040372914793614986
10,10,10.0,9,0.0036664349908057253,0.007556976620081331,0.5555555555555556,0.0244504590116539,0.6379629629629631,0.004304397953768689
10,10,15.0,9,0.0033474535093242445,0.007551140534247248,0.5555555555555556,0.0244504590116539,0.6379629629629631,0.004304397953768689
10,10,25.0,9,0.0027094905463612797,0.007539693327613679,0.5555555555555556,0.0244504590116539,0.6379629629629631,0.004304397953768689
10,10,35.0,9,0.0020715275833983176,0.0075285472108278665,0.5555555555555556,0.0244504590116539,0.6379629629629631,0.004304397953768689
10,20,10.0,9,0.0021956106033117627,0.0042293062038149445,0.7777777777777778,0.0244504590116539,0.550462962962963,0.0027460735662747262
10,20,15.0,9,0.0019203791218302822,0.004225356942591644,0.7777777777777778,0.0244504590116539,0.550462962962963,0.0027460735662747262
10,20,25.0,9,0.0013699161588673183,0.0042178513234942564,0.5555555555555556,0.0244504590116539,0.550462962962963,0.0027460735662747262
10,20,35.0,9,0.0008194531959043553,0.0042108718895826494,0.4444444444444444,0.0244504590116539,0.550462962962963,0.0027460735662747262
10,50,10.0,9,-2.2325678543148753e-05,0.0031563877380203524,0.5555555555555556,0.0244504590116539,0.3327777777777778,0.00031045209923462954
10,50,15.0,9,-0.00018871456743203724,0.003153195174851177,0.5555555555555556,0.0244504590116539,0.3327777777777778,0.00031045209923462954
10,50,25.0,9,-0.0005214923452098151,0.0031469067539935825,0.5555555555555556,0.0244504590116539,0.3327777777777778,0.00031045209923462954
10,50,35.0,9,-0.0008542701229875928,0.003140747917536787,0.4444444444444444,0.0244504590116539,0.3327777777777778,0.00031045209923462954
10,100,10.0,9,-0.012114317644368697,0.010552662808729992,0.1111111111111111,0.0244504590116539,0.0,-0.012114317644368697
10,100,15.0,9,-0.012114317644368697,0.010552662808729992,0.1111111111111111,0.0244504590116539,0.0,-0.012114317644368697
10,100,25.0,9,-0.012114317644368697,0.010552662808729992,0.1111111111111111,0.0244504590116539,0.0,-0.012114317644368697
10,100,35.0,9,-0.012114317644368697,0.010552662808729992,0.1111111111111111,0.0244504590116539,0.0,-0.012114317644368697
20,10,10.0,7,0.002069359150228245,0.004130564801417433,0.7142857142857143,0.009680008730200178,0.6642857142857144,0.00273364486451396
20,10,15.0,7,0.001737216293085388,0.004132235739107739,0.7142857142857143,0.009680008730200178,0.6642857142857144,0.00273364486451396
20,10,25.0,7,0.0010729305787996733,0.004135956389379352,0.7142857142857143,0.009680008730200178,0.6642857142857144,0.00273364486451396
20,10,35.0,7,0.00040864486451395933,0.004140180918943789,0.42857142857142855,0.009680008730200178,0.6642857142857144,0.00273364486451396
20,20,10.0,7,0.0008829397020841634,0.0033342162201834037,0.5714285714285714,0.009680008730200178,0.5773809523809524,0.0014603206544651166
20,20,15.0,7,0.000594249225893688,0.0033346549474060254,0.5714285714285714,0.009680008730200178,0.5773809523809524,0.0014603206544651166
20,20,25.0,7,1.6868273512734835e-05,0.003335712908218136,0.5714285714285714,0.009680008730200178,0.5773809523809524,0.0014603206544651166
20,20,35.0,7,-0.000560512678868217,0.0033370113480034576,0.42857142857142855,0.009680008730200178,0.5773809523809524,0.0014603206544651166
20,50,10.0,7,0.0008921489218997695,0.003048049620059899,0.7142857142857143,0.009680008730200178,0.3404761904761905,0.00123262511237596
20,50,15.0,7,0.0007219108266616743,0.003050496440880384,0.7142857142857143,0.009680008730200178,0.3404761904761905,0.00123262511237596
20,50,25.0,7,0.00038143463618548325,0.003055509825464029,0.7142857142857143,0.009680008730200178,0.3404761904761905,0.00123262511237596
20,50,35.0,7,4.0958445709293546e-05,0.003060682210907251,0.7142857142857143,0.009680008730200178,0.3404761904761905,0.00123262511237596
20,100,10.0,7,-0.007344456060295106,0.01410954684765998,0.2857142857142857,0.009680008730200178,0.0,-0.007344456060295106
20,100,15.0,7,-0.007344456060295106,0.01410954684765998,0.2857142857142857,0.009680008730200178,0.0,-0.007344456060295106
20,100,25.0,7,-0.007344456060295106,0.01410954684765998,0.2857142857142857,0.009680008730200178,0.0,-0.007344456060295106
20,100,35.0,7,-0.007344456060295106,0.01410954684765998,0.2857142857142857,0.009680008730200178,0.0,-0.007344456060295106
